0,https://www.sephora.com/product/protini-tm-polypeptide-cream-P427421?icid2=products%20grid:p427421:product
1,https://www.sephora.com/product/creme-de-la-mer-moisturizing-cream-P416341?icid2=products%20grid:p416341:product
2,https://www.sephora.com/product/your-skin-but-better-cc-cream-spf-50-P411885?icid2=products%20grid:p411885:product
3,https://www.sephora.com/product/the-water-cream-P418218?icid2=products%20grid:p418218:product
4,https://www.sephora.com/product/facial-treatment-essence-P375849?icid2=products%20grid:p375849:product
6,https://www.sephora.com/product/the-dewy-skin-cream-P441101?icid2=products%20grid:p441101:product
7,https://www.sephora.com/product/virgin-marula-tm-luxury-facial-oil-P392245?icid2=products%20grid:p392245:product
9,https://www.sephora.com/product/ultra-facial-cream-P421996?icid2=products%20grid:p421996:product
15,https://www.sephora.com/product/the-ordinary-deciem-100-organic-cold-pressed-rose-hip-seed-oil-P427415?icid2=products%20grid:p427415:product
22,https://www.sephora.com/product/c-rush-tm-brightening-gel-cr-me-P430337?icid2=products%20grid:p430337:product
23,https://www.sephora.com/product/your-skin-but-better-cc-illumination-cream-spf-50-P411884?icid2=products%20grid:p411884:product
26,https://www.sephora.com/product/pure-one-step-camellia-cleansing-oil-P392235?icid2=products%20grid:p392235:product
27,https://www.sephora.com/product/luminous-dewy-skin-mist-P399623?icid2=products%20grid:p399623:product
30,https://www.sephora.com/product/midnight-recovery-concentrate-P421998?icid2=products%20grid:p421998:product
31,https://www.sephora.com/product/watermelon-glow-ultra-fine-mist-P442744?icid2=products%20grid:p442744:product
32,https://www.sephora.com/product/creme-de-la-mer-mini-P426501?icid2=products%20grid:p426501:product
33,https://www.sephora.com/product/dramatically-different-moisturizing-gel-P122900?icid2=products%20grid:p122900:product
34,https://www.sephora.com/product/the-ordinary-deciem-natural-moisturizing-factors-ha-P427414?icid2=products%20grid:p427414:product
39,https://www.sephora.com/product/the-essence-plumping-skin-softener-P415771?icid2=products%20grid:p415771:product
41,https://www.sephora.com/product/virgin-marula-luxury-facial-oil-mini-P424378?icid2=products%20grid:p424378:product
43,https://www.sephora.com/product/superberry-hydrate-glow-dream-mask-P440307?icid2=products%20grid:p440307:product
45,https://www.sephora.com/product/charlotte-s-magic-cream-P433520?icid2=products%20grid:p433520:product
48,https://www.sephora.com/product/vitamin-enriched-face-base-P270594?icid2=products%20grid:p270594:product
50,https://www.sephora.com/product/ginzing-tm-energy-boosting-moisturizer-P378852?icid2=products%20grid:p378852:product
